model_name,fedvim_near_auroc,fedvim_far_auroc,act_near_auroc,act_far_auroc,msp_near_auroc,msp_far_auroc,foster_near_auroc,foster_far_auroc,fedln_near_auroc,fedln_far_auroc
mobilenetv3_large,0.9657324256361317,0.9694753431731249,0.9617968616037081,0.969711777308832,0.9049218453317723,0.8877354504502317,0.8706604430814423,0.7985873047905018,0.9200692219366341,0.881444718154907
resnet50,0.9600332082152402,0.9585406464831888,0.9643572787398295,0.959054630260225,0.8730822682135704,0.7831718371013257,0.8943666334195485,0.79537005643233,0.9088753646035798,0.8310625407396623
resnet101,0.9700867956271809,0.9627263368128278,0.9718888283398316,0.9644494321135554,0.8214201068157192,0.7969107591147013,0.8827857284575282,0.8032845115672722,0.9071464994914178,0.8351113192325529
densenet169,0.7680607264151198,0.833877464485483,0.9630149001554025,0.9717073377532301,0.8326780419093242,0.7938637065740197,0.8311984179638578,0.7722208480426651,0.9328016188443828,0.9052388386336075
efficientnet_v2_s,0.9618576849771207,0.9691509242527921,0.9572369041217149,0.9650226817542591,0.8763839000755018,0.8648078921952241,0.7634065039263619,0.7204628994594631,0.9372123233989986,0.9161539365329627
