model_name,fedvim_near_auroc,pooled_vim_near_auroc,delta_vim_near,fedvim_far_auroc,pooled_vim_far_auroc,delta_vim_far,act_near_auroc,pooled_act_near_auroc,delta_act_near,act_far_auroc,pooled_act_far_auroc,delta_act_far
mobilenetv3_large,0.9657322011956393,0.9657319767551471,-2.2444049219139117e-07,0.9694763920380641,0.9694763321029249,-5.993513918500781e-08,0.9617968616037081,0.9617968616037081,0.0,0.9697118172655915,0.969711777308832,-3.995675956769418e-08
resnet50,0.9600226595121023,0.9600219861906254,-6.733214769072404e-07,0.9585424245589906,0.9585417452940778,-6.792649128728456e-07,0.9643572787398296,0.9643581765017987,8.977619690986316e-07,0.9590546702169847,0.9590546502386048,-1.997837983935824e-08
resnet101,0.9700582916846592,0.970058067244167,-2.2444049219139117e-07,0.9627405414408634,0.9627409809652192,4.3952435579974747e-07,0.9718883794588471,0.9718881550183549,-2.2444049219139117e-07,0.9644493122432765,0.9644496119189736,2.996756971462844e-07
densenet169,0.8486137657433784,0.8486144390648553,6.733214769072404e-07,0.8597724314701117,0.8597729708863662,5.394162544414272e-07,0.9630151245958948,0.9630151245958948,0.0,0.9717074376451291,0.9717073976883697,-3.9956759456671875e-08
efficientnet_v2_s,0.961803594818477,0.9618038192589693,2.2444049230241347e-07,0.9690893109294982,0.969089051210561,-2.597189372455233e-07,0.957236904121715,0.957236904121715,0.0,0.9650226717650692,0.9650226717650692,0.0
