model_name,feature_dim,id_accuracy,fedvim_fixed_k,act_k,act_compression_rate,fedvim_near_auroc,act_near_auroc,act_minus_fedvim_near,msp_near_auroc,energy_near_auroc,fedvim_far_auroc,act_far_auroc,act_minus_fedvim_far,msp_far_auroc,energy_far_auroc
densenet169,1664,0.9397754338210276,1000,77,0.923,0.7680607264151198,0.9630149001554025,0.19495417374028268,0.8326780419093242,0.7229113792227356,0.833877464485483,0.9717073377532301,0.1378298732677471,0.7938637065740197,0.7121620524700579
efficientnet_v2_s,1280,0.9632528070772371,512,61,0.880859375,0.9618576849771207,0.9572369041217149,-0.004620780855405737,0.8763839000755018,0.8432388648338557,0.9691509242527921,0.9650226817542591,-0.004128242498533052,0.8648078921952241,0.8283515145579756
mobilenetv3_large,960,0.9564477713507996,512,94,0.81640625,0.9657324256361317,0.9617968616037081,-0.003935564032423566,0.9049218453317723,0.8385981087746358,0.9694753431731249,0.969711777308832,0.00023643413570706429,0.8877354504502317,0.8383340316775991
resnet101,2048,0.9588295338550528,1000,138,0.862,0.9700867956271809,0.9718888283398316,0.0018020327126506697,0.8214201068157192,0.7712008733428437,0.9627263368128278,0.9644494321135554,0.0017230953007275618,0.7969107591147013,0.7612165866342762
resnet50,2048,0.9598502892140184,1000,145,0.855,0.9600332082152402,0.9643572787398295,0.004324070524589274,0.8730822682135704,0.8135764727111783,0.9585406464831888,0.959054630260225,0.0005139837770361533,0.7831718371013257,0.7208412300376779
